assumed_J_cm-1,required_detuning_cm-1,mixing,minor_site_weight
0.0,261.58,0.0,0.0
0.9983969465648854,261.57237853823244,0.007633587786259542,1.4568127852998547e-05
1.9967938931297708,261.54951282040923,0.015267175572519083,5.827505847300074e-05
2.995190839694656,261.511398847804,0.022900763358778622,0.00013112843527024465
3.9935877862595417,261.45802995198625,0.030534351145038167,0.00023314100469018495
4.991984732824427,261.38939678898413,0.03816793893129771,0.00036433062737184496
5.990381679389312,261.3054873310948,0.045801526717557245,0.0005247202938015172
6.988778625954198,261.2062868563267,0.05343511450381679,0.0007143381444936758
7.987175572519083,261.0917779354513,0.061068702290076333,0.0009332174947410121
8.985572519083968,260.9619404166384,0.06870229007633587,0.0011813968639834416
9.983969465648855,260.81675140764247,0.07633587786259542,0.001458920009858422
10.98236641221374,260.6561852555038,0.08396946564885496,0.0017658359670009172
11.980763358778624,260.48021352372194,0.09160305343511449,0.002102199090675938
12.97916030534351,260.28880496685366,0.09923664122137404,0.002468069105333648
13.977557251908395,260.0819255024818,0.10687022900763359,0.0028635111581891137
14.975954198473282,259.8595381804965,0.11450381679389314,0.003288595877940781
15.974351145038167,259.6216031496225,0.12213740458015267,0.0037433994387520153
16.97274809160305,259.3680776211212,0.1297709923664122,0.004228003629633048
17.971145038167936,259.09891582958915,0.13740458015267173,0.004742495929373147
18.969541984732825,258.8140689907676,0.14503816793893132,0.005286969587186219
19.96793893129771,258.51348525627026,0.15267175572519084,0.005861523709247141
20.966335877862594,258.1971096651289,0.16030534351145037,0.006466263351309509
21.96473282442748,257.8648840920494,0.16793893129770993,0.007101299617613355
22.963129770992364,257.5167471922598,0.17557251908396945,0.007766749766305092
23.96152671755725,257.15263434282593,0.18320610687022898,0.008462737321611014
24.959923664122137,256.77247758029824,0.19083969465648856,0.009189392193022616
25.95832061068702,256.37620553454474,0.1984732824427481,0.009946850801772433
26.956717557251906,255.96374335861356,0.20610687022900762,0.010735256214898736
27.95511450381679,255.53501265445792,0.21374045801526717,0.011554758287220135
28.953511450381676,255.0899313943427,0.2213740458015267,0.012405513811563018
29.951908396946564,254.6284138377406,0.22900763358778628,0.01328768667761182
30.95030534351145,254.1503704435105,0.2366412213740458,0.01420144803977652
31.948702290076334,253.6557077771369,0.24427480916030533,0.015146976494500863
32.94709923664122,253.14432841279233,0.2519083969465649,0.01612445826746628
33.9454961832061,252.61613082996848,0.2595419847328244,0.01713408741117728
34.94389312977099,252.07100930440328,0.26717557251908397,0.018176066013450343
35.94229007633587,251.50885379301084,0.27480916030534347,0.019250604417365924
36.94068702290076,250.92954981250088,0.282442748091603,0.02035792145328219
37.93908396946565,250.332978311351,0.29007633587786263,0.02149824468355571
38.93748091603053,249.71901553477065,0.29770992366412213,0.022671810660657044
39.93587786259542,249.087532882269,0.3053435114503817,0.023878865199424615
40.9342748091603,248.4383967574106,0.3129770992366412,0.02511966366425067
41.93267175572519,247.77146840931147,0.32061068702290074,0.026394471272055464
42.93106870229008,247.08660376539436,0.32824427480916035,0.02770356341196889
43.92946564885496,246.38365325488678,0.33587786259541985,0.029047225982707425
44.927862595419846,245.66246162250408,0.3435114503816794,0.03042575574871148
45.92625954198473,244.9228677317188,0.3511450381679389,0.03183946071618854
46.924656488549616,244.1647043569698,0.35877862595419846,0.033288660530297
47.9230534351145,243.38779796411453,0.36641221374045796,0.03477368689480359
48.921450381679385,242.5919684783722,0.37404580152671757,0.036294884015650675
49.91984732824427,241.77702903894556,0.3816793893129771,0.03785260906998705
50.918244274809155,240.94278573944365,0.3893129770992366,0.03944723270234024
51.91664122137404,240.08903735315468,0.3969465648854962,0.0410791395497464
52.915038167938924,239.21557504214115,0.4045801526717557,0.04274872879780345
53.91343511450381,238.32218204904206,0.41221374045801523,0.044456414769779684
54.9118320610687,237.4086333703725,0.41984732824427484,0.04620262755108856
55.91022900763358,236.4746954100076,0.42748091603053434,0.04798781365164079
56.90862595419847,235.52012561142308,0.4351145038167939,0.04981243670880209
57.90702290076335,234.5446720671392,0.4427480916030534,0.051676978233926085
58.90541984732824,233.5480731036759,0.45038167938931295,0.053581938405696306
59.90381679389313,232.5300568401744,0.45801526717557256,0.05552783691380375
60.90221374045801,231.49034071867072,0.46564885496183206,0.05751521385681102
61.9006106870229,230.4286310038197,0.4732824427480916,0.059544630698410206
62.89900763358778,229.3446222496605,0.4809160305343511,0.061616671286680025
63.89740458015267,228.2379967307835,0.48854961832061067,0.0637319429413879
64.89580152671755,227.10842383500338,0.49618320610687017,0.06589107761487234
65.89419847328244,225.95555941435617,0.5038167938931298,0.06809473313258624
66.89259541984732,224.77904509092141,0.5114503816793893,0.07034359451999117
67.8909923664122,223.57850751361374,0.5190839694656488,0.0726383754231712
68.88938931297709,222.35355756169116,0.5267175572519084,0.07497981963129602
69.88778625954198,221.10378949028055,0.5343511450381679,0.07736870270991558
70.88618320610686,219.82878001272036,0.5419847328244275,0.07980583375502642
71.88458015267175,218.52808731395706,0.5496183206106869,0.08229205727892602
72.88297709923664,217.20124998859603,0.5572519083969466,0.08482825524008708
73.88137404580152,215.84778589649108,0.564885496183206,0.08741534923065386
74.8797709923664,214.46719092794368,0.5725190839694656,0.09005430283671595
75.8781679389313,213.058937669663,0.5801526717557253,0.09274612418827316
76.87656488549618,211.62247396159128,0.5877862595419847,0.09549186871780857
77.87496183206106,210.15722133350576,0.5954198473282443,0.09829264214866246
78.87335877862594,208.6625733089492,0.6030534351145037,0.1011496037370036
79.87175572519084,207.13789356248117,0.6106870229007634,0.10406396979417165
80.87015267175572,205.58251391445646,0.6183206106870229,0.10703701751958017
81.8685496183206,203.9957321454797,0.6259541984732824,0.11007008917830163
82.8669465648855,202.3768096103149,0.633587786259542,0.11316459666198703
83.86534351145038,200.72496862828427,0.6412213740458015,0.116322026477016
84.86374045801526,199.03938962401008,0.648854961832061,0.11954394520985917
85.86213740458015,197.31920798864968,0.6564885496183207,0.12283200552670376
86.86053435114503,195.56351062745375,0.6641221374045801,0.12618795277266281
87.85893129770992,193.77133215441634,0.6717557251908397,0.12961363224555328
88.8573282442748,191.94165068884038,0.6793893129770991,0.13311099723059794
89.85572519083969,190.0733832016287,0.6870229007633588,0.13668211789580875
90.85412213740457,188.16538035081342,0.6946564885496183,0.14032919116367187
91.85251908396945,186.21642073597081,0.7022900763358778,0.1440545516936103
92.85091603053435,184.22520448940375,0.7099236641221375,0.14786068413218945
93.84931297709923,182.1903461078712,0.7175572519083969,0.1517502368149874
94.84770992366411,180.11036641166956,0.7251908396946565,0.1557260371364983
95.846106870229,177.98368349734355,0.7328244274809159,0.15979110884367387
96.84450381679389,175.80860252534848,0.7404580152671756,0.16394869155641012
97.84290076335877,173.58330415349891,0.7480916030534351,0.16820226287655998
98.84129770992365,171.30583138957343,0.7557251908396946,0.1725555635186684
99.83969465648855,168.97407459014687,0.7633587786259542,0.1770126259841217
100.83809160305343,166.58575427513847,0.7709923664122137,0.18157780741047008
101.83648854961831,164.13840135548364,0.7786259541984732,0.18625582736546442
102.8348854961832,161.62933428046887,0.7862595419847329,0.19105181152903727
103.83328244274809,159.05563249585975,0.7938931297709924,0.19597134242705905
104.83167938931297,156.41410545620616,0.8015267175572519,0.20102051866311238
105.83007633587785,153.70125624395223,0.8091603053435114,0.20620602445914782
106.82847328244274,150.9132385994339,0.816793893129771,0.2115352117909743
107.82687022900762,148.04580583882472,0.8244274809160305,0.21701619802961858
108.8252671755725,145.09424970225746,0.83206106870229,0.2226579828307641
109.8236641221374,142.05332658953043,0.8396946564885497,0.22847058913232965
110.82206106870228,138.91716784450827,0.8473282442748091,0.2344652346423498
111.82045801526716,135.6791696504054,0.8549618320610687,0.24065454229985972
112.81885496183206,132.3318565591989,0.8625954198473282,0.24705280113311617
113.81725190839694,128.86671048832608,0.8702290076335878,0.25367629312576256
114.81564885496182,125.27395384538804,0.8778625954198473,0.2605437077655248
115.8140458015267,121.54227075518826,0.8854961832061068,0.26767667490788993
116.8124427480916,117.65844328774405,0.8931297709923665,0.27510046011211864
117.81083969465648,113.60686863812333,0.9007633587786259,0.28284488753321485
118.80923664122136,109.36890579557358,0.9083969465648855,0.2909455887384862
119.80763358778626,104.92197165693655,0.9160305343511451,0.29944573045160844
120.80603053435114,100.23825789654208,0.9236641221374046,0.3083984672059369
121.80442748091602,95.28285356865146,0.9312977099236641,0.3178705299169442
122.80282442748091,90.0108973987771,0.9389312977099237,0.3279476691666467
123.8012213740458,84.36306505324485,0.9465648854961832,0.3387432811123847
124.79961832061068,78.25801855477548,0.9541984732824427,0.3504128401353783
125.79801526717556,71.57886433408858,0.9618320610687022,0.3631797837485883
126.79641221374045,64.14651821332811,0.9694656488549619,0.3773864243953512
127.79480916030533,55.660070128634864,0.9770992366412213,0.39360793996361554
128.79320610687023,45.53390651869187,0.984732824427481,0.41296370800769966
129.7916030534351,32.25919260115089,0.9923664122137403,0.43833780755189444
130.79,0.0,1.0,0.5
